<?xml version="1.0" encoding="UTF-8"?>
<project-private xmlns="http://www.netbeans.org/ns/project-private/1">
    <editor-bookmarks xmlns="http://www.netbeans.org/ns/editor-bookmarks/2" lastBookmarkId="0"/>
    <open-files xmlns="http://www.netbeans.org/ns/projectui-open-files/2">
        <group>
            <file>file:/Users/dowperkins/microchip/harmony/v2_05/apps/servo/firmware/src/system_config/default/system_init.c</file>
            <file>file:/Users/dowperkins/microchip/harmony/v2_05/apps/servo/firmware/src/system_config/default/system_interrupt.c</file>
            <file>file:/Users/dowperkins/microchip/harmony/v2_05/apps/servo/firmware/src/app.c</file>
            <file>file:/Users/dowperkins/microchip/harmony/v2_05/apps/servo/firmware/src/system_config/default/framework/driver/tmr/src/drv_tmr_static.c</file>
            <file>file:/Users/dowperkins/microchip/harmony/v2_05/apps/servo/firmware/src/app.h</file>
        </group>
    </open-files>
</project-private>
